Workbook

Sheet Dashboard
B2: TARIFF IMPACT MODEL
B3: Scenario analysis for import tariff effects on produce landed cost and margin
B4: Built by Kurt Lu | Portfolio version | Figures are illustrative
B7: ABOUT THIS MODEL
B8: This workbook models how import tariffs by country of origin affect landed cost, target selling price, and gross margin across a produce wholesale catalog of ~200 SKUs. Tariff rates and markup assumptions are editable inputs (blue cells). All downstream figures are driven by formulas, so any change to assumptions flows through the entire model.
B14: KEY METRICS (at Scenario 1)
B16: Total SKUs | D16: Countries of Origin | F16: Avg Baseline Tariff | H16: Avg Scenario 2 Tariff
B17: =COUNTA('Product Catalog'!B4:B235) -> 232 | D17: =COUNTA('Tariff Rates'!B5:B25) -> 21 | F17: =AVERAGE('Tariff Rates'!C5:C25) -> 0.030952381 | H17: =AVERAGE('Tariff Rates'!E5:E25) -> 0.21238095
B21: COUNTRY SUMMARY — SCENARIO COMPARISON
B22: Country | C22: # SKUs | D22: Avg Base Cost ($) | E22: Baseline Tariff | F22: Scenario 1 | G22: Scenario 2 | H22: S1 Cost Impact ($) | I22: S2 Cost Impact ($)
B23: Belgium | C23: =COUNTIF('Product Catalog'!E4:E235, B23) -> 1 | D23: =IFERROR(AVERAGEIF('Product Catalog'!E4:E235, B23, 'Product Catalog'!F4:F235),0) -> 42.51 | E23: =VLOOKUP(B23, 'Tariff Rates'!B:E, 2, FALSE()) -> 0.05 | F23: =VLOOKUP(B23, 'Tariff Rates'!B:E, 3, FALSE()) -> 0.15 | G23: =VLOOKUP(B23, 'Tariff Rates'!B:E, 4, FALSE()) -> 0.2 | H23: =D23*(F23-E23)*C23 -> 4.251 | I23: =D23*(G23-E23)*C23 -> 6.3765
B24: Canada | C24: =COUNTIF('Product Catalog'!E4:E235, B24) -> 1 | D24: =IFERROR(AVERAGEIF('Product Catalog'!E4:E235, B24, 'Product Catalog'!F4:F235),0) -> 22.49 | E24: =VLOOKUP(B24, 'Tariff Rates'!B:E, 2, FALSE()) -> 0 | F24: =VLOOKUP(B24, 'Tariff Rates'!B:E, 3, FALSE()) -> 0.1 | G24: =VLOOKUP(B24, 'Tariff Rates'!B:E, 4, FALSE()) -> 0.25 | H24: =D24*(F24-E24)*C24 -> 2.249 | I24: =D24*(G24-E24)*C24 -> 5.6225
B25: Chile | C25: =COUNTIF('Product Catalog'!E4:E235, B25) -> 2 | D25: =IFERROR(AVERAGEIF('Product Catalog'!E4:E235, B25, 'Product Catalog'!F4:F235),0) -> 32.875 | E25: =VLOOKUP(B25, 'Tariff Rates'!B:E, 2, FALSE()) -> 0 | F25: =VLOOKUP(B25, 'Tariff Rates'!B:E, 3, FALSE()) -> 0.1 | G25: =VLOOKUP(B25, 'Tariff Rates'!B:E, 4, FALSE()) -> 0.15 | H25: =D25*(F25-E25)*C25 -> 6.575 | I25: =D25*(G25-E25)*C25 -> 9.8625
B26: China | C26: =COUNTIF('Product Catalog'!E4:E235, B26) -> 27 | D26: =IFERROR(AVERAGEIF('Product Catalog'!E4:E235, B26, 'Product Catalog'!F4:F235),0) -> 49.168889 | E26: =VLOOKUP(B26, 'Tariff Rates'!B:E, 2, FALSE()) -> 0.15 | F26: =VLOOKUP(B26, 'Tariff Rates'!B:E, 3, FALSE()) -> 0.3 | G26: =VLOOKUP(B26, 'Tariff Rates'!B:E, 4, FALSE()) -> 0.5 | H26: =D26*(F26-E26)*C26 -> 199.134 | I26: =D26*(G26-E26)*C26 -> 464.646
B27: Colombia | C27: =COUNTIF('Product Catalog'!E4:E235, B27) -> 1 | D27: =IFERROR(AVERAGEIF('Product Catalog'!E4:E235, B27, 'Product Catalog'!F4:F235),0) -> 45.25 | E27: =VLOOKUP(B27, 'Tariff Rates'!B:E, 2, FALSE()) -> 0.05 | F27: =VLOOKUP(B27, 'Tariff Rates'!B:E, 3, FALSE()) -> 0.15 | G27: =VLOOKUP(B27, 'Tariff Rates'!B:E, 4, FALSE()) -> 0.2 | H27: =D27*(F27-E27)*C27 -> 4.525 | I27: =D27*(G27-E27)*C27 -> 6.7875
B28: Costa Rica | C28: =COUNTIF('Product Catalog'!E4:E235, B28) -> 3 | D28: =IFERROR(AVERAGEIF('Product Catalog'!E4:E235, B28, 'Product Catalog'!F4:F235),0) -> 19.653333 | E28: =VLOOKUP(B28, 'Tariff Rates'!B:E, 2, FALSE()) -> 0 | F28: =VLOOKUP(B28, 'Tariff Rates'!B:E, 3, FALSE()) -> 0.1 | G28: =VLOOKUP(B28, 'Tariff Rates'!B:E, 4, FALSE()) -> 0.15 | H28: =D28*(F28-E28)*C28 -> 5.896 | I28: =D28*(G28-E28)*C28 -> 8.844
B29: Ecuador | C29: =COUNTIF('Product Catalog'!E4:E235, B29) -> 7 | D29: =IFERROR(AVERAGEIF('Product Catalog'!E4:E235, B29, 'Product Catalog'!F4:F235),0) -> 24.435714 | E29: =VLOOKUP(B29, 'Tariff Rates'!B:E, 2, FALSE()) -> 0.05 | F29: =VLOOKUP(B29, 'Tariff Rates'!B:E, 3, FALSE()) -> 0.15 | G29: =VLOOKUP(B29, 'Tariff Rates'!B:E, 4, FALSE()) -> 0.2 | H29: =D29*(F29-E29)*C29 -> 17.105 | I29: =D29*(G29-E29)*C29 -> 25.6575
B30: France | C30: =COUNTIF('Product Catalog'!E4:E235, B30) -> 1 | D30: =IFERROR(AVERAGEIF('Product Catalog'!E4:E235, B30, 'Product Catalog'!F4:F235),0) -> 62.33 | E30: =VLOOKUP(B30, 'Tariff Rates'!B:E, 2, FALSE()) -> 0.05 | F30: =VLOOKUP(B30, 'Tariff Rates'!B:E, 3, FALSE()) -> 0.15 | G30: =VLOOKUP(B30, 'Tariff Rates'!B:E, 4, FALSE()) -> 0.2 | H30: =D30*(F30-E30)*C30 -> 6.233 | I30: =D30*(G30-E30)*C30 -> 9.3495
B31: Guatemala | C31: =COUNTIF('Product Catalog'!E4:E235, B31) -> 2 | D31: =IFERROR(AVERAGEIF('Product Catalog'!E4:E235, B31, 'Product Catalog'!F4:F235),0) -> 32.56 | E31: =VLOOKUP(B31, 'Tariff Rates'!B:E, 2, FALSE()) -> 0 | F31: =VLOOKUP(B31, 'Tariff Rates'!B:E, 3, FALSE()) -> 0.1 | G31: =VLOOKUP(B31, 'Tariff Rates'!B:E, 4, FALSE()) -> 0.15 | H31: =D31*(F31-E31)*C31 -> 6.512 | I31: =D31*(G31-E31)*C31 -> 9.768
B32: Italy | C32: =COUNTIF('Product Catalog'!E4:E235, B32) -> 7 | D32: =IFERROR(AVERAGEIF('Product Catalog'!E4:E235, B32, 'Product Catalog'!F4:F235),0) -> 33.987143 | E32: =VLOOKUP(B32, 'Tariff Rates'!B:E, 2, FALSE()) -> 0.05 | F32: =VLOOKUP(B32, 'Tariff Rates'!B:E, 3, FALSE()) -> 0.15 | G32: =VLOOKUP(B32, 'Tariff Rates'!B:E, 4, FALSE()) -> 0.2 | H32: =D32*(F32-E32)*C32 -> 23.791 | I32: =D32*(G32-E32)*C32 -> 35.6865
B33: Japan | C33: =COUNTIF('Product Catalog'!E4:E235, B33) -> 5 | D33: =IFERROR(AVERAGEIF('Product Catalog'!E4:E235, B33, 'Product Catalog'!F4:F235),0) -> 83.918 | E33: =VLOOKUP(B33, 'Tariff Rates'!B:E, 2, FALSE()) -> 0 | F33: =VLOOKUP(B33, 'Tariff Rates'!B:E, 3, FALSE()) -> 0.1 | G33: =VLOOKUP(B33, 'Tariff Rates'!B:E, 4, FALSE()) -> 0.15 | H33: =D33*(F33-E33)*C33 -> 41.959 | I33: =D33*(G33-E33)*C33 -> 62.9385
B34: Mexico | C34: =COUNTIF('Product Catalog'!E4:E235, B34) -> 53 | D34: =IFERROR(AVERAGEIF('Product Catalog'!E4:E235, B34, 'Product Catalog'!F4:F235),0) -> 22.981887 | E34: =VLOOKUP(B34, 'Tariff Rates'!B:E, 2, FALSE()) -> 0 | F34: =VLOOKUP(B34, 'Tariff Rates'!B:E, 3, FALSE()) -> 0.1 | G34: =VLOOKUP(B34, 'Tariff Rates'!B:E, 4, FALSE()) -> 0.25 | H34: =D34*(F34-E34)*C34 -> 121.804 | I34: =D34*(G34-E34)*C34 -> 304.51
B35: New Zealand | C35: =COUNTIF('Product Catalog'!E4:E235, B35) -> 1 | D35: =IFERROR(AVERAGEIF('Product Catalog'!E4:E235, B35, 'Product Catalog'!F4:F235),0) -> 37.18 | E35: =VLOOKUP(B35, 'Tariff Rates'!B:E, 2, FALSE()) -> 0 | F35: =VLOOKUP(B35, 'Tariff Rates'!B:E, 3, FALSE()) -> 0.1 | G35: =VLOOKUP(B35, 'Tariff Rates'!B:E, 4, FALSE()) -> 0.15 | H35: =D35*(F35-E35)*C35 -> 3.718 | I35: =D35*(G35-E35)*C35 -> 5.577
B36: Peru | C36: =COUNTIF('Product Catalog'!E4:E235, B36) -> 3 | D36: =IFERROR(AVERAGEIF('Product Catalog'!E4:E235, B36, 'Product Catalog'!F4:F235),0) -> 39.96 | E36: =VLOOKUP(B36, 'Tariff Rates'!B:E, 2, FALSE()) -> 0 | F36: =VLOOKUP(B36, 'Tariff Rates'!B:E, 3, FALSE()) -> 0.1 | G36: =VLOOKUP(B36, 'Tariff Rates'!B:E, 4, FALSE()) -> 0.15 | H36: =D36*(F36-E36)*C36 -> 11.988 | I36: =D36*(G36-E36)*C36 -> 17.982
B37: Philippines | C37: =COUNTIF('Product Catalog'!E4:E235, B37) -> 1 | D37: =IFERROR(AVERAGEIF('Product Catalog'!E4:E235, B37, 'Product Catalog'!F4:F235),0) -> 36.62 | E37: =VLOOKUP(B37, 'Tariff Rates'!B:E, 2, FALSE()) -> 0.05 | F37: =VLOOKUP(B37, 'Tariff Rates'!B:E, 3, FALSE()) -> 0.15 | G37: =VLOOKUP(B37, 'Tariff Rates'!B:E, 4, FALSE()) -> 0.2 | H37: =D37*(F37-E37)*C37 -> 3.662 | I37: =D37*(G37-E37)*C37 -> 5.493
B38: South Korea | C38: =COUNTIF('Product Catalog'!E4:E235, B38) -> 7 | D38: =IFERROR(AVERAGEIF('Product Catalog'!E4:E235, B38, 'Product Catalog'!F4:F235),0) -> 36.131429 | E38: =VLOOKUP(B38, 'Tariff Rates'!B:E, 2, FALSE()) -> 0 | F38: =VLOOKUP(B38, 'Tariff Rates'!B:E, 3, FALSE()) -> 0.1 | G38: =VLOOKUP(B38, 'Tariff Rates'!B:E, 4, FALSE()) -> 0.15 | H38: =D38*(F38-E38)*C38 -> 25.292 | I38: =D38*(G38-E38)*C38 -> 37.938
B39: Spain | C39: =COUNTIF('Product Catalog'!E4:E235, B39) -> 3 | D39: =IFERROR(AVERAGEIF('Product Catalog'!E4:E235, B39, 'Product Catalog'!F4:F235),0) -> 110.22333 | E39: =VLOOKUP(B39, 'Tariff Rates'!B:E, 2, FALSE()) -> 0.05 | F39: =VLOOKUP(B39, 'Tariff Rates'!B:E, 3, FALSE()) -> 0.15 | G39: =VLOOKUP(B39, 'Tariff Rates'!B:E, 4, FALSE()) -> 0.2 | H39: =D39*(F39-E39)*C39 -> 33.067 | I39: =D39*(G39-E39)*C39 -> 49.6005
B40: Thailand | C40: =COUNTIF('Product Catalog'!E4:E235, B40) -> 11 | D40: =IFERROR(AVERAGEIF('Product Catalog'!E4:E235, B40, 'Product Catalog'!F4:F235),0) -> 52.028182 | E40: =VLOOKUP(B40, 'Tariff Rates'!B:E, 2, FALSE()) -> 0.05 | F40: =VLOOKUP(B40, 'Tariff Rates'!B:E, 3, FALSE()) -> 0.15 | G40: =VLOOKUP(B40, 'Tariff Rates'!B:E, 4, FALSE()) -> 0.25 | H40: =D40*(F40-E40)*C40 -> 57.231 | I40: =D40*(G40-E40)*C40 -> 114.462
B41: Turkey | C41: =COUNTIF('Product Catalog'!E4:E235, B41) -> 1 | D41: =IFERROR(AVERAGEIF('Product Catalog'!E4:E235, B41, 'Product Catalog'!F4:F235),0) -> 50.84 | E41: =VLOOKUP(B41, 'Tariff Rates'!B:E, 2, FALSE()) -> 0.05 | F41: =VLOOKUP(B41, 'Tariff Rates'!B:E, 3, FALSE()) -> 0.2 | G41: =VLOOKUP(B41, 'Tariff Rates'!B:E, 4, FALSE()) -> 0.3 | H41: =D41*(F41-E41)*C41 -> 7.626 | I41: =D41*(G41-E41)*C41 -> 12.71
B42: USA | C42: =COUNTIF('Product Catalog'!E4:E235, B42) -> 88 | D42: =IFERROR(AVERAGEIF('Product Catalog'!E4:E235, B42, 'Product Catalog'!F4:F235),0) -> 25.3925 | E42: =VLOOKUP(B42, 'Tariff Rates'!B:E, 2, FALSE()) -> 0 | F42: =VLOOKUP(B42, 'Tariff Rates'!B:E, 3, FALSE()) -> 0 | G42: =VLOOKUP(B42, 'Tariff Rates'!B:E, 4, FALSE()) -> 0 | H42: =D42*(F42-E42)*C42 -> 0 | I42: =D42*(G42-E42)*C42 -> 0
B43: Vietnam | C43: =COUNTIF('Product Catalog'!E4:E235, B43) -> 7 | D43: =IFERROR(AVERAGEIF('Product Catalog'!E4:E235, B43, 'Product Catalog'!F4:F235),0) -> 32.487143 | E43: =VLOOKUP(B43, 'Tariff Rates'!B:E, 2, FALSE()) -> 0.05 | F43: =VLOOKUP(B43, 'Tariff Rates'!B:E, 3, FALSE()) -> 0.2 | G43: =VLOOKUP(B43, 'Tariff Rates'!B:E, 4, FALSE()) -> 0.46 | H43: =D43*(F43-E43)*C43 -> 34.1115 | I43: =D43*(G43-E43)*C43 -> 93.2381
B44: TOTAL / AVG | C44: =SUM(C23:C43) -> 232 | D44: =AVERAGE(D23:D43) -> 42.524883 | E44: =SUMPRODUCT(C23:C43,E23:E43)/C44 -> 0.026077586 | F44: =SUMPRODUCT(C23:C43,F23:F43)/C44 -> 0.095689655 | G44: =SUMPRODUCT(C23:C43,G23:G43)/C44 -> 0.17637931 | H44: =SUM(H23:H43) -> 616.7295 | I44: =SUM(I23:I43) -> 1287.0496
B47: HOW TO USE
B48: 1. Go to the Tariff Rates tab and adjust scenario rates (blue cells) to test different tariff environments.
B49: 2. In the Product Catalog, update origin country or markup % if modeling a different catalog.
B50: 3. The Impact Analysis tab flows through all calculations — landed cost, target price, margin, and delta vs pre-tariff.
B51: 4. This Dashboard rolls everything up by country. Cost impact numbers show the additional landed cost burden vs baseline.
B52: 5. See the Methodology tab for definitions and assumptions.
B55: Legend: | C55: Blue text = input | D55: Black text = formula | E55: Green text = cross-sheet link | F55: Yellow = assumption

Sheet Tariff Rates
B2: TARIFF RATES BY COUNTRY OF ORIGIN
B3: Adjust blue cells to model different tariff scenarios. Baseline is illustrative.
B4: Country of Origin | C4: Baseline % | D4: Scenario 1 % | E4: Scenario 2 % | F4: Notes
B5: Belgium | C5: 0.05 | D5: 0.15 | E5: 0.2 | F5: Illustrative rate for modeling
B6: Canada | C6: 0 | D6: 0.1 | E6: 0.25 | F6: Illustrative rate for modeling
B7: Chile | C7: 0 | D7: 0.1 | E7: 0.15 | F7: Illustrative rate for modeling
B8: China | C8: 0.15 | D8: 0.3 | E8: 0.5 | F8: Illustrative rate for modeling
B9: Colombia | C9: 0.05 | D9: 0.15 | E9: 0.2 | F9: Illustrative rate for modeling
B10: Costa Rica | C10: 0 | D10: 0.1 | E10: 0.15 | F10: Illustrative rate for modeling
B11: Ecuador | C11: 0.05 | D11: 0.15 | E11: 0.2 | F11: Illustrative rate for modeling
B12: France | C12: 0.05 | D12: 0.15 | E12: 0.2 | F12: Illustrative rate for modeling
B13: Guatemala | C13: 0 | D13: 0.1 | E13: 0.15 | F13: Illustrative rate for modeling
B14: Italy | C14: 0.05 | D14: 0.15 | E14: 0.2 | F14: Illustrative rate for modeling
B15: Japan | C15: 0 | D15: 0.1 | E15: 0.15 | F15: Illustrative rate for modeling
B16: Mexico | C16: 0 | D16: 0.1 | E16: 0.25 | F16: Illustrative rate for modeling
... B25: Vietnam | C25: 0.05 | D25: 0.2 | E25: 0.46 | F25: Illustrative rate for modeling
B27: Assumption: rates applied ad-valorem on base landed cost. Blue cells are editable inputs.

Sheet Product Catalog
B2: PRODUCT CATALOG | Master SKU list — edit blue cells to modify assumptions
B3: SKU | C3: Product Name | D3: Category | E3: Country of Origin | F3: Base Cost ($) | G3: Unit | H3: Target Markup %
B4: SKU-1001 | C4: Bok Choy (Baby) | D4: Asian Vegetables | E4: China | F4: 15.84 | G4: case | H4: 0.3
B5: SKU-1002 | C5: Bok Choy (Shanghai) | D5: Asian Vegetables | E5: Mexico | F5: 14.15 | G5: case | H5: 0.3
B6: SKU-1003 | C6: Napa Cabbage | D6: Asian Vegetables | E6: USA | F6: 10.38 | G6: case | H6: 0.3
B7: SKU-1004 | C7: Chinese Broccoli (Gai Lan) | D7: Asian Vegetables | E7: Mexico | F7: 17.79 | G7: case | H7: 0.3
B8: SKU-1005 | C8: Yu Choy | D8: Asian Vegetables | E8: Mexico | F8: 20.16 | G8: case | H8: 0.3
B9: SKU-1006 | C9: Yu Choy Sum | D9: Asian Vegetables | E9: China | F9: 22.41 | G9: case | H9: 0.3
B10: SKU-1007 | C10: Chinese Eggplant | D10: Asian Vegetables | E10: Mexico | F10: 25.14 | G10: case | H10: 0.3
B11: SKU-1008 | C11: Japanese Eggplant | D11: Asian Vegetables | E11: Mexico | F11: 19.7 | G11: case | H11: 0.3
B12: SKU-1009 | C12: Thai Eggplant | D12: Asian Vegetables | E12: Thailand | F12: 25.38 | G12: case | H12: 0.3
B13: SKU-1010 | C13: Daikon Radish | D13: Asian Vegetables | E13: USA | F13: 10.18 | G13: case | H13: 0.3
B14: SKU-1011 | C14: Korean Radish | D14: Asian Vegetables | E14: South Korea | F14: 15.75 | G14: case | H14: 0.3
B15: SKU-1012 | C15: Water Spinach | D15: Asian Vegetables | E15: Vietnam | F15: 24.04 | G15: case | H15: 0.3
... B235: SKU-1232 | C235: Japanese Turnip | D235: Specialty | E235: Japan | F235: 34.23 | G235: case | H235: 0.45

Sheet Impact Analysis
B2: IMPACT ANALYSIS | Per-SKU landed cost, margin, and scenario deltas
B3: Freight & handling: flat adder per unit applied pre-tariff (see Methodology). Scenario columns show landed cost, target price, and margin.
B4: Product Info | F4: Cost Basis | H4: Baseline | J4: Scenario 1 | L4: Scenario 2 | N4: Impact
B5: SKU | C5: Product Name | D5: Category | E5: Origin | F5: Base Cost | G5: Freight/Unit | H5: Base Landed | I5: Base Margin % | J5: S1 Landed | K5: S1 Margin % | L5: S2 Landed | M5: S2 Margin % | N5: Margin Δ (S2-Base)
B6: ='Product Catalog'!B4 -> SKU-1001 | C6: ='Product Catalog'!C4 -> Bok Choy (Baby) | D6: ='Product Catalog'!D4 -> Asian Vegetables | E6: ='Product Catalog'!E4 -> China | F6: ='Product Catalog'!F4 -> 15.84 | G6: =Methodology!$C$6 -> 4.5 | H6: =(F6+G6)*(1+VLOOKUP(E6,'Tariff Rates'!B:E,2,FALSE())) -> 23.391 | I6: ='Product Catalog'!H4/(1+'Product Catalog'!H4) -> 0.23076923 | J6: =(F6+G6)*(1+VLOOKUP(E6,'Tariff Rates'!B:E,3,FALSE())) -> 26.442 | K6: =(H6*(1+'Product Catalog'!H4)-J6)/(H6*(1+'Product Catalog'!H4)) -> 0.13043478 | L6: =(F6+G6)*(1+VLOOKUP(E6,'Tariff Rates'!B:E,4,FALSE())) -> 30.51 | M6: =(H6*(1+'Product Catalog'!H4)-L6)/(H6*(1+'Product Catalog'!H4)) -> -0.0033444816 | N6: =M6-I6 -> -0.23411371
B7: ='Product Catalog'!B5 -> SKU-1002 | C7: ='Product Catalog'!C5 -> Bok Choy (Shanghai) | D7: ='Product Catalog'!D5 -> Asian Vegetables | E7: ='Product Catalog'!E5 -> Mexico | F7: ='Product Catalog'!F5 -> 14.15 | G7: =Methodology!$C$6 -> 4.5 | H7: =(F7+G7)*(1+VLOOKUP(E7,'Tariff Rates'!B:E,2,FALSE())) -> 18.65 | I7: ='Product Catalog'!H5/(1+'Product Catalog'!H5) -> 0.23076923 | J7: =(F7+G7)*(1+VLOOKUP(E7,'Tariff Rates'!B:E,3,FALSE())) -> 20.515 | K7: =(H7*(1+'Product Catalog'!H5)-J7)/(H7*(1+'Product Catalog'!H5)) -> 0.15384615 | L7: =(F7+G7)*(1+VLOOKUP(E7,'Tariff Rates'!B:E,4,FALSE())) -> 23.3125 | M7: =(H7*(1+'Product Catalog'!H5)-L7)/(H7*(1+'Product Catalog'!H5)) -> 0.038461538 | N7: =M7-I7 -> -0.19230769
B8: ='Product Catalog'!B6 -> SKU-1003 | C8: ='Product Catalog'!C6 -> Napa Cabbage | D8: ='Product Catalog'!D6 -> Asian Vegetables | E8: ='Product Catalog'!E6 -> USA | F8: ='Product Catalog'!F6 -> 10.38 | G8: =Methodology!$C$6 -> 4.5 | H8: =(F8+G8)*(1+VLOOKUP(E8,'Tariff Rates'!B:E,2,FALSE())) -> 14.88 | I8: ='Product Catalog'!H6/(1+'Product Catalog'!H6) -> 0.23076923 | J8: =(F8+G8)*(1+VLOOKUP(E8,'Tariff Rates'!B:E,3,FALSE())) -> 14.88 | K8: =(H8*(1+'Product Catalog'!H6)-J8)/(H8*(1+'Product Catalog'!H6)) -> 0.23076923 | L8: =(F8+G8)*(1+VLOOKUP(E8,'Tariff Rates'!B:E,4,FALSE())) -> 14.88 | M8: =(H8*(1+'Product Catalog'!H6)-L8)/(H8*(1+'Product Catalog'!H6)) -> 0.23076923 | N8: =M8-I8 -> 0
B9: ='Product Catalog'!B7 -> SKU-1004 | C9: ='Product Catalog'!C7 -> Chinese Broccoli (Gai Lan) | D9: ='Product Catalog'!D7 -> Asian Vegetables | E9: ='Product Catalog'!E7 -> Mexico | F9: ='Product Catalog'!F7 -> 17.79 | G9: =Methodology!$C$6 -> 4.5 | H9: =(F9+G9)*(1+VLOOKUP(E9,'Tariff Rates'!B:E,2,FALSE())) -> 22.29 | I9: ='Product Catalog'!H7/(1+'Product Catalog'!H7) -> 0.23076923 | J9: =(F9+G9)*(1+VLOOKUP(E9,'Tariff Rates'!B:E,3,FALSE())) -> 24.519 | K9: =(H9*(1+'Product Catalog'!H7)-J9)/(H9*(1+'Product Catalog'!H7)) -> 0.15384615 | L9: =(F9+G9)*(1+VLOOKUP(E9,'Tariff Rates'!B:E,4,FALSE())) -> 27.8625 | M9: =(H9*(1+'Product Catalog'!H7)-L9)/(H9*(1+'Product Catalog'!H7)) -> 0.038461538 | N9: =M9-I9 -> -0.19230769
B10: ='Product Catalog'!B8 -> SKU-1005 | C10: ='Product Catalog'!C8 -> Yu Choy | D10: ='Product Catalog'!D8 -> Asian Vegetables | E10: ='Product Catalog'!E8 -> Mexico | F10: ='Product Catalog'!F8 -> 20.16 | G10: =Methodology!$C$6 -> 4.5 | H10: =(F10+G10)*(1+VLOOKUP(E10,'Tariff Rates'!B:E,2,FALSE())) -> 24.66 | I10: ='Product Catalog'!H8/(1+'Product Catalog'!H8) -> 0.23076923 | J10: =(F10+G10)*(1+VLOOKUP(E10,'Tariff Rates'!B:E,3,FALSE())) -> 27.126 | K10: =(H10*(1+'Product Catalog'!H8)-J10)/(H10*(1+'Product Catalog'!H8)) -> 0.15384615 | L10: =(F10+G10)*(1+VLOOKUP(E10,'Tariff Rates'!B:E,4,FALSE())) -> 30.825 | M10: =(H10*(1+'Product Catalog'!H8)-L10)/(H10*(1+'Product Catalog'!H8)) -> 0.038461538 | N10: =M10-I10 -> -0.19230769
B11: ='Product Catalog'!B9 -> SKU-1006 | C11: ='Product Catalog'!C9 -> Yu Choy Sum | D11: ='Product Catalog'!D9 -> Asian Vegetables | E11: ='Product Catalog'!E9 -> China | F11: ='Product Catalog'!F9 -> 22.41 | G11: =Methodology!$C$6 -> 4.5 | H11: =(F11+G11)*(1+VLOOKUP(E11,'Tariff Rates'!B:E,2,FALSE())) -> 30.9465 | I11: ='Product Catalog'!H9/(1+'Product Catalog'!H9) -> 0.23076923 | J11: =(F11+G11)*(1+VLOOKUP(E11,'Tariff Rates'!B:E,3,FALSE())) -> 34.983 | K11: =(H11*(1+'Product Catalog'!H9)-J11)/(H11*(1+'Product Catalog'!H9)) -> 0.13043478 | L11: =(F11+G11)*(1+VLOOKUP(E11,'Tariff Rates'!B:E,4,FALSE())) -> 40.365 | M11: =(H11*(1+'Product Catalog'!H9)-L11)/(H11*(1+'Product Catalog'!H9)) -> -0.0033444816 | N11: =M11-I11 -> -0.23411371
B12: ='Product Catalog'!B10 -> SKU-1007 | C12: ='Product Catalog'!C10 -> Chinese Eggplant | D12: ='Product Catalog'!D10 -> Asian Vegetables | E12: ='Product Catalog'!E10 -> Mexico | F12: ='Product Catalog'!F10 -> 25.14 | G12: =Methodology!$C$6 -> 4.5 | H12: =(F12+G12)*(1+VLOOKUP(E12,'Tariff Rates'!B:E,2,FALSE())) -> 29.64 | I12: ='Product Catalog'!H10/(1+'Product Catalog'!H10) -> 0.23076923 | J12: =(F12+G12)*(1+VLOOKUP(E12,'Tariff Rates'!B:E,3,FALSE())) -> 32.604 | K12: =(H12*(1+'Product Catalog'!H10)-J12)/(H12*(1+'Product Catalog'!H10)) -> 0.15384615 | L12: =(F12+G12)*(1+VLOOKUP(E12,'Tariff Rates'!B:E,4,FALSE())) -> 37.05 | M12: =(H12*(1+'Product Catalog'!H10)-L12)/(H12*(1+'Product Catalog'!H10)) -> 0.038461538 | N12: =M12-I12 -> -0.19230769
B13: ='Product Catalog'!B11 -> SKU-1008 | C13: ='Product Catalog'!C11 -> Japanese Eggplant | D13: ='Product Catalog'!D11 -> Asian Vegetables | E13: ='Product Catalog'!E11 -> Mexico | F13: ='Product Catalog'!F11 -> 19.7 | G13: =Methodology!$C$6 -> 4.5 | H13: =(F13+G13)*(1+VLOOKUP(E13,'Tariff Rates'!B:E,2,FALSE())) -> 24.2 | I13: ='Product Catalog'!H11/(1+'Product Catalog'!H11) -> 0.23076923 | J13: =(F13+G13)*(1+VLOOKUP(E13,'Tariff Rates'!B:E,3,FALSE())) -> 26.62 | K13: =(H13*(1+'Product Catalog'!H11)-J13)/(H13*(1+'Product Catalog'!H11)) -> 0.15384615 | L13: =(F13+G13)*(1+VLOOKUP(E13,'Tariff Rates'!B:E,4,FALSE())) -> 30.25 | M13: =(H13*(1+'Product Catalog'!H11)-L13)/(H13*(1+'Product Catalog'!H11)) -> 0.038461538 | N13: =M13-I13 -> -0.19230769
B14: ='Product Catalog'!B12 -> SKU-1009 | C14: ='Product Catalog'!C12 -> Thai Eggplant | D14: ='Product Catalog'!D12 -> Asian Vegetables | E14: ='Product Catalog'!E12 -> Thailand | F14: ='Product Catalog'!F12 -> 25.38 | G14: =Methodology!$C$6 -> 4.5 | H14: =(F14+G14)*(1+VLOOKUP(E14,'Tariff Rates'!B:E,2,FALSE())) -> 31.374 | I14: ='Product Catalog'!H12/(1+'Product Catalog'!H12) -> 0.23076923 | J14: =(F14+G14)*(1+VLOOKUP(E14,'Tariff Rates'!B:E,3,FALSE())) -> 34.362 | K14: =(H14*(1+'Product Catalog'!H12)-J14)/(H14*(1+'Product Catalog'!H12)) -> 0.15750916 | L14: =(F14+G14)*(1+VLOOKUP(E14,'Tariff Rates'!B:E,4,FALSE())) -> 37.35 | M14: =(H14*(1+'Product Catalog'!H12)-L14)/(H14*(1+'Product Catalog'!H12)) -> 0.084249084 | N14: =M14-I14 -> -0.14652015
B15: ='Product Catalog'!B13 -> SKU-1010 | C15: ='Product Catalog'!C13 -> Daikon Radish | D15: ='Product Catalog'!D13 -> Asian Vegetables | E15: ='Product Catalog'!E13 -> USA | F15: ='Product Catalog'!F13 -> 10.18 | G15: =Methodology!$C$6 -> 4.5 | H15: =(F15+G15)*(1+VLOOKUP(E15,'Tariff Rates'!B:E,2,FALSE())) -> 14.68 | I15: ='Product Catalog'!H13/(1+'Product Catalog'!H13) -> 0.23076923 | J15: =(F15+G15)*(1+VLOOKUP(E15,'Tariff Rates'!B:E,3,FALSE())) -> 14.68 | K15: =(H15*(1+'Product Catalog'!H13)-J15)/(H15*(1+'Product Catalog'!H13)) -> 0.23076923 | L15: =(F15+G15)*(1+VLOOKUP(E15,'Tariff Rates'!B:E,4,FALSE())) -> 14.68 | M15: =(H15*(1+'Product Catalog'!H13)-L15)/(H15*(1+'Product Catalog'!H13)) -> 0.23076923 | N15: =M15-I15 -> 0
B16: ='Product Catalog'!B14 -> SKU-1011 | C16: ='Product Catalog'!C14 -> Korean Radish | D16: ='Product Catalog'!D14 -> Asian Vegetables | E16: ='Product Catalog'!E14 -> South Korea | F16: ='Product Catalog'!F14 -> 15.75 | G16: =Methodology!$C$6 -> 4.5 | H16: =(F16+G16)*(1+VLOOKUP(E16,'Tariff Rates'!B:E,2,FALSE())) -> 20.25 | I16: ='Product Catalog'!H14/(1+'Product Catalog'!H14) -> 0.23076923 | J16: =(F16+G16)*(1+VLOOKUP(E16,'Tariff Rates'!B:E,3,FALSE())) -> 22.275 | K16: =(H16*(1+'Product Catalog'!H14)-J16)/(H16*(1+'Product Catalog'!H14)) -> 0.15384615 | L16: =(F16+G16)*(1+VLOOKUP(E16,'Tariff Rates'!B:E,4,FALSE())) -> 23.2875 | M16: =(H16*(1+'Product Catalog'!H14)-L16)/(H16*(1+'Product Catalog'!H14)) -> 0.11538462 | N16: =M16-I16 -> -0.11538462
B17: ='Product Catalog'!B15 -> SKU-1012 | C17: ='Product Catalog'!C15 -> Water Spinach | D17: ='Product Catalog'!D15 -> Asian Vegetables | E17: ='Product Catalog'!E15 -> Vietnam | F17: ='Product Catalog'!F15 -> 24.04 | G17: =Methodology!$C$6 -> 4.5 | H17: =(F17+G17)*(1+VLOOKUP(E17,'Tariff Rates'!B:E,2,FALSE())) -> 29.967 | I17: ='Product Catalog'!H15/(1+'Product Catalog'!H15) -> 0.23076923 | J17: =(F17+G17)*(1+VLOOKUP(E17,'Tariff Rates'!B:E,3,FALSE())) -> 34.248 | K17: =(H17*(1+'Product Catalog'!H15)-J17)/(H17*(1+'Product Catalog'!H15)) -> 0.12087912 | L17: =(F17+G17)*(1+VLOOKUP(E17,'Tariff Rates'!B:E,4,FALSE())) -> 41.6684 | M17: =(H17*(1+'Product Catalog'!H15)-L17)/(H17*(1+'Product Catalog'!H15)) -> -0.06959707 | N17: =M17-I17 -> -0.3003663
... B237: ='Product Catalog'!B235 -> SKU-1232 | C237: ='Product Catalog'!C235 -> Japanese Turnip | D237: ='Product Catalog'!D235 -> Specialty | E237: ='Product Catalog'!E235 -> Japan | F237: ='Product Catalog'!F235 -> 34.23 | G237: =Methodology!$C$6 -> 4.5 | H237: =(F237+G237)*(1+VLOOKUP(E237,'Tariff Rates'!B:E,2,FALSE())) -> 38.73 | I237: ='Product Catalog'!H235/(1+'Product Catalog'!H235) -> 0.31034483 | J237: =(F237+G237)*(1+VLOOKUP(E237,'Tariff Rates'!B:E,3,FALSE())) -> 42.603 | K237: =(H237*(1+'Product Catalog'!H235)-J237)/(H237*(1+'Product Catalog'!H235)) -> 0.24137931 | L237: =(F237+G237)*(1+VLOOKUP(E237,'Tariff Rates'!B:E,4,FALSE())) -> 44.5395 | M237: =(H237*(1+'Product Catalog'!H235)-L237)/(H237*(1+'Product Catalog'!H235)) -> 0.20689655 | N237: =M237-I237 -> -0.10344828

Sheet Methodology
B2: METHODOLOGY & ASSUMPTIONS
B3: Core assumptions driving the model. Edit blue cells to re-scope.
B5: KEY INPUT ASSUMPTIONS
B6: Freight & Handling / Unit | C6: 4.5 | D6: Flat adder applied to base cost before tariff. Simplification for modeling.
B7: Base Markup (default) | C7: 0.3 | D7: Default catalog markup if SKU specific rate not provided.
B8: Target Margin Lock | C8: Price-locked | D8: Target selling price fixed at baseline. Tariff increases erode margin rather than flow to price.
B9: Tariff Treatment | C9: Ad-valorem | D9: Tariff applied to base + freight (landed cost basis). No MFN or duty-free preference modeled.
B10: Currency | C10: USD | D10: All figures in US dollars. No FX risk modeled.
B11: Catalog Scope | C11: Produce wholesale | D11: Fresh produce, specialty items, imported dry goods. Seasonality abstracted.
B14: DEFINITIONS
B15: Base Cost | C15: Negotiated FOB cost per unit from supplier, pre-freight, pre-tariff.
B16: Freight / Unit | C16: All-in inbound freight and handling cost allocated per unit.
B17: Landed Cost | C17: (Base Cost + Freight) × (1 + Applicable Tariff Rate). The all-in cost of inventory at the warehouse door.
B18: Target Price | C18: Baseline landed cost × (1 + Target Markup). Held constant across scenarios to isolate tariff impact on margin.
B19: Gross Margin % | C19: (Target Price − Landed Cost) ÷ Target Price. How much margin survives after tariff pass-through to cost.
B20: Margin Δ | C20: Scenario margin − Baseline margin. Negative values = margin compression from tariff increases.
B23: MODEL LIMITATIONS
B24: • Tariff rates are illustrative and do not reflect any specific current policy.
B25: • Does not model seasonality, spoilage, or substitution between SKUs as prices shift.
B26: • Assumes no pass-through to customers (price-locked scenario). A real analysis would test pass-through elasticity.
B27: • Freight is treated as a flat per-unit adder, not weight- or volume-based.
B28: • No FX, insurance, broker, or demurrage line items — these would be separate in a full landed-cost build.
B31: ABOUT
B32: Built by Kurt Lu as a portfolio piece. Originally developed during a financial analyst internship to quantify tariff exposure across an import-heavy produce catalog. Rebuilt for public use with fully synthetic data, no proprietary supplier, pricing, or margin information is included.
